URL,title
https://bib-pubdb1.desy.de/record/611866,Dissimilar laser welding of an as-rolled CoCrFeMnNi high entropy alloy to Inconel 718 superalloy
https://bib-pubdb1.desy.de/record/633796,The ESAFORM benchmark 2023: interlaboratory comparison benchmark for the characterization of microstructural grain growth and dynamic recrystallization kinetics of a single-phase Ni-base superalloy
https://bib-pubdb1.desy.de/record/626285,Crystallographic texture variation in laser beam-welded CoCrFeNiMn
https://bib-pubdb1.desy.de/record/638785,None
https://bib-pubdb1.desy.de/record/639414,High-energy diffuse X-ray scattering at ultra-small-angle grazing incidence for local structure study of single-crystalline thin films
https://bib-pubdb1.desy.de/record/641900,High-energy diffuse X-ray scattering at ultra-small-angle grazing incidence for local structure study of single-crystalline thin films
https://bib-pubdb1.desy.de/record/626178,Fatigue life enhancement via residual stress engineering due to local forming during refill friction stir spot welding
https://bib-pubdb1.desy.de/record/638878,Experimental study and modeling of the microstructural effects on the mechanical behavior of Ti-6Al-4V titanium alloy
https://bib-pubdb1.desy.de/record/638823,Lean tool steel processed via laser powder bed fusion: in situ observation of transformation induced plasticity
https://bib-pubdb1.desy.de/record/625223,Measuring the Progress of Laser Drilling by Means of OCT and Validation Using X-Ray Synchrotron Imaging
https://bib-pubdb1.desy.de/record/615185,Multiscale characterization of NiTi shape memory alloy to Ti6Al4V dissimilar laser welded joints: Reasons for inherent brittleness
https://bib-pubdb1.desy.de/record/634602,None
https://bib-pubdb1.desy.de/record/622909,Mechanical property strengthening by post-heat treatments in NiTiCu shape memory alloys fabricated by twin-wire arc additive manufacturing
https://bib-pubdb1.desy.de/record/625579,Improving mechanical properties of constrained friction processing Mg-Zn-Ca alloys by modifying texture using multiple pass processing
https://bib-pubdb1.desy.de/record/639429,Phase Stability and Inverse Hall-Petch Effect of Severely Deformed and Annealed CrMnFeCoNi High-Entropy Alloy
https://bib-pubdb1.desy.de/record/639102,Impact of hot and warm deformation on the bainite morphology and kinetics during continuous cooling of low- and medium-C carbide-free bainitic steels
https://bib-pubdb1.desy.de/record/619483,Effect of intrinsic heat treatment on the precipitate formation of X40CrMoV5–1 tool steel during laser-directed energy deposition: A coupled study of atom probe tomography and in situ synchrotron X-ray diffraction
https://bib-pubdb1.desy.de/record/639650,A study combining EBSD and x-ray synchrotron diffraction using generalized pole figures
https://bib-pubdb1.desy.de/record/628900,In-situ investigations on the dynamic transformation in steel near the Ae3 temperature
https://bib-pubdb1.desy.de/record/631865,In Situ Monitoring of Retained Austenite Decomposition During Tempering of High-Strength Tool Steels
https://bib-pubdb1.desy.de/record/627947,Ni-based superalloy 718 fabricated by arc-based directed energy deposition: an experimentally-based strengthening mechanisms analysis
https://bib-pubdb1.desy.de/record/625172,Process development and application of hot forging arc-based additive manufacturing on Haynes® 282 for microstructural and mechanical improvements
https://bib-pubdb1.desy.de/record/633243,Investigation of solidification crack formation in laser beam welding of stainless steel with high-speed x-ray imaging
https://bib-pubdb1.desy.de/record/638988,Embedded NiTi strain sensors in additively manufactured AlSi10Mg: Computational and experimental insights into phase transformation and sensing performance
https://bib-pubdb1.desy.de/record/622594,Influence of hydrogen on the γ-matrix lattice parameters of a Ni-based superalloy – A synchrotron diffraction study
https://bib-pubdb1.desy.de/record/629272,In-situ investigation of phase transformations in Ti-Nb-Zr alloys by simultaneous synchrotron diffraction and dilatometry
https://bib-pubdb1.desy.de/record/637937,Three-Dimensional Distribution of Titanium Hydrides After Degradation of Magnesium/Titanium Hybrid Implant Material—A Study by X-Ray Diffraction Contrast Tomography
https://bib-pubdb1.desy.de/record/627905,Evaluation of the Reinforcing Effect of Intermetallic and Ceramic Phases in a WE54-15%(Vol.%)SiCw Composite Using In Situ Synchrotron Radiation Diffraction
https://bib-pubdb1.desy.de/record/630599,Evolution of precipitation in a duplex Fe-Mn-Al-C low-density steel revealed by in situ high-energy synchrotron X-ray diffraction
https://bib-pubdb1.desy.de/record/622093,Spatial and Temporal Visualization of Polymorphic Transformations in Pharmaceutical Tablets
https://bib-pubdb1.desy.de/record/622271,Spatial and Temporal Visualization of Polymorphic Transformations in Pharmaceutical Tablets
https://bib-pubdb1.desy.de/record/639415,Methane splitting to hydrogen and base growth carbon nanotubes over Fe-based catalysts
https://bib-pubdb1.desy.de/record/622193,Realizing improved strain aging capability in bake-hardenable steel
https://bib-pubdb1.desy.de/record/623296,How the hard domains behave in hetero-deformation: In-situ synchrotron X-ray diffraction study with finite element method simulation
https://bib-pubdb1.desy.de/record/633152,In-situ synchrotron X-ray study on the deformation behavior at each stage of strain aging process in bake-hardenable low-carbon steel under tensile loading
https://bib-pubdb1.desy.de/record/633245,In Situ X-ray Phase Contrast Imaging of Humping Formation During Laser Beam Welding of 1.4404 Stainless Steel
https://bib-pubdb1.desy.de/record/623158,Impact of friction stir welding-like heat cycles on precipitates in AA7050 analysed by SAXS and numerical modelling
https://bib-pubdb1.desy.de/record/642069,Analysis of precipitation kinetics during refill friction stir spot welding and post-weld heat treatments in AA7050 using SAXS and numerical modeling
https://bib-pubdb1.desy.de/record/625039,Mechanical behavior, microstructural evolution and texture analysis of AA2024-T351 processed by multi-layer friction surfacing with high build rates
https://bib-pubdb1.desy.de/record/622635,Tailoring the strength of inconel 718: Insights into LPBF parameters and heat treatment synergy
https://bib-pubdb1.desy.de/record/638877,High-temperature compression induced α to γ phase transformation and related phase morphology transition in TiAl alloy
https://bib-pubdb1.desy.de/record/627006,A novel high-performance Al-6Zn-4Ni-2Mg-1Cu-Fe alloy for wire-arc directed energy deposition
https://bib-pubdb1.desy.de/record/634417,Microstructure and deformation behavior of the wire-arc directed energy deposited high-performance near-β Ti-10V-2Fe-3Al alloy
https://bib-pubdb1.desy.de/record/627007,Characterizing effects of hydrogen ingress in Ti–Mg based hybrid implant materials
https://bib-pubdb1.desy.de/record/622019,Activating metastability engineering via control of initial microstructure in C-added CoCrFeNiMo medium-entropy alloy: in situ X-ray diffraction study
https://bib-pubdb1.desy.de/record/639052,Microstructure and shape memory behavior of additively manufactured Ti-30Ta high-temperature shape memory alloy fabricated by laser beam powder bed fusion
https://bib-pubdb1.desy.de/record/625170,Determination of Residual Stress in Additively Manufactured 316L Stainless Steel Benchmark Parts Through Synchrotron X‐Ray Diffraction and Neutron Diffraction
https://bib-pubdb1.desy.de/record/628054,Influence of the Ti:Al:Cr proportion on the structure and oxidation resistance of ternary intermetallic coatings produced by non-vacuum electron beam cladding
https://bib-pubdb1.desy.de/record/622760,Complex deformation behavior of a partially recrystallized metastable medium-entropy alloy: In-situ synchrotron X-ray diffraction study
https://bib-pubdb1.desy.de/record/633153,Harnessing competitive interplay between precipitation and lattice distortion for strong and ductile medium-entropy alloy
https://bib-pubdb1.desy.de/record/625073,Stress-induced orthorhombic O phase in TiAl alloys
https://bib-pubdb1.desy.de/record/639058,Synchrotron X-ray and neutron diffraction study on the deformation and phase transformation mechanisms in TiAl alloys: a review
https://bib-pubdb1.desy.de/record/639694,HfNbTaTiAl refractory multi-principal element alloy with excellent tensile properties at room temperature
https://bib-pubdb1.desy.de/record/634801,Linear polarization properties of energetic x-raysbeing Compton-scattered off atomic targets
https://bib-pubdb1.desy.de/record/629644,Influence of B4C alloying on the phase stability of Fe-Mn-Co-Cr-Si high entropy alloys fabricated using laser powder bed fusion
https://bib-pubdb1.desy.de/record/623297,Impact of high-pressure hydrogen charging on mechanical behavior and lattice parameters of a polycrystalline CoNiCr-based superalloy
https://bib-pubdb1.desy.de/record/623825,Accurate prediction of structural and mechanical properties on amorphous materials enabled through machine-learning potentials: A case study of silicon nitride
https://bib-pubdb1.desy.de/record/639651,Position-dependent variations in cell wall orientation of hardwood branches: Evidence from wide-angle X-ray diffraction
https://bib-pubdb1.desy.de/record/638524,Wire-Arc directed energy deposition of metastable-β alloy Ti-15 V-3Cr-3Sn-3Al using thick wire feedstock: Microstructure and mechanical response
https://bib-pubdb1.desy.de/record/636702,Revealing the Hidden Polysulfides in Solid-State Na–S Batteries: How Pressure and Electrical Transport Control Kinetic Pathways
https://bib-pubdb1.desy.de/record/640124,None
https://bib-pubdb1.desy.de/record/627885,Biodegradable ultrahigh-purity magnesium and its alloy ZX00 promote osteogenesis in the medullary cavity and glycogenolysis in the liver
https://bib-pubdb1.desy.de/record/639653,Exploring the relative influence of atomic parameters on solid solution strengthening
https://bib-pubdb1.desy.de/record/622083,None
https://bib-pubdb1.desy.de/record/627005,Enhancing mechanical strength of Ti-6Al-4V sheet material by short-time sub-β-transus solution heat treatment and additional short-time annealing
https://bib-pubdb1.desy.de/record/639057,Energy- and material-efficient Ti-6Al-4V sheet part fabrication by the novel TISTRAQ-process, including resistance heating and tool-based quenching: Insights into test stand design and material potential
https://bib-pubdb1.desy.de/record/632636,Impact of Microstructural Variations on Hydrogen Permeation into Duplex Steel
https://bib-pubdb1.desy.de/record/638442,Hydrogen permeation into duplex steel under compressive and tensile stresses: Symmetric lattice swelling and asymmetric stress redistribution
https://bib-pubdb1.desy.de/record/636258,Effect of Multipass Welding in the Phase Balance of Dissimilar Duplex Stainless Steel Joint Using Double-Pulsed Gas Metal Arc Welding
https://bib-pubdb1.desy.de/record/619758,Effect of cyclic loading on microstructure and plastic deformation in heat-treated Co–28Cr–6Mo alloy fabricated via laser powder bed fusion: An in situ synchrotron X-ray diffraction study
https://bib-pubdb1.desy.de/record/637193,In situ alloying of AlCuSi using dual-wire-directed energy deposition with plasma
https://bib-pubdb1.desy.de/record/633244,Avoiding the formation of pores during laser welding of copper hairpins by dynamic beam shaping
https://bib-pubdb1.desy.de/record/639426,Powder bed fusion electron beam of an oxygen-compatible β-Ti–35.5Nb–2Ta–3Zr alloy: Feasibility and material evaluation
https://bib-pubdb1.desy.de/record/627010,Retained austenite in multipass high-strength weld metal with a yield strength exceeding 1100 MPa
https://bib-pubdb1.desy.de/record/619482,Gas tungsten arc welding of CoCrFeMnNi high entropy alloy to 316 stainless steel
https://bib-pubdb1.desy.de/record/620111,Excellent strength/ductility synergy by optimization of post-weld heat treatment for gas metal arc welded CoCrFeMnNi high entropy alloys with 410 stainless filler wire: High-throughput thermodynamic modelling with experimental validation
https://bib-pubdb1.desy.de/record/623735,Unveiling the macrosegregation formation mechanism and its impact on properties in dissimilar welding between CoCrFeMnNi high-entropy alloy and 316 stainless steel
https://bib-pubdb1.desy.de/record/627271,Microstructure evolution and local strengthening mechanisms in CoCrFeMnNi high entropy alloy joints reinforced with Inconel 625
https://bib-pubdb1.desy.de/record/624697,Metastability-engineering strategy in CoCrFeMnNi-based medium- and high-entropy alloys: Unraveling the interplay with recrystallization, grain growth, and mechanical properties
https://bib-pubdb1.desy.de/record/623130,Formation of crystalline and quasicrystalline phases in as-cast and aged Al-Mg-Zn and Al-Mg-Zn-Ga alloys
https://bib-pubdb1.desy.de/record/635881,How rapid heating and quenching cycles affect phase evolution in advanced γ-TiAl alloys: An in situ synchrotron radiation study
https://bib-pubdb1.desy.de/record/642057,None
https://bib-pubdb1.desy.de/record/629864,A Combined Experimental and Numerical Assessment of the Role of Microsegregation and Phase Formation on Hot Cracking Susceptibility in Laser Powder Bed Fusion Processed CM247LC
https://bib-pubdb1.desy.de/record/623808,Structural differences between single crystalline and polycrystalline NiMnGa-based alloys
https://bib-pubdb1.desy.de/record/634424,Tailoring σ-phase precipitation for enhanced strength-plasticity in arc-based direct energy-deposited FeCoCrNiMnMo high-entropy alloy
https://bib-pubdb1.desy.de/record/636127,Synchrotron-radiation computed tomography of the water drop penetration time test on hydrophobic soils
https://bib-pubdb1.desy.de/record/625260,Heat treatment effect on microstructural evolution of cold spray additive manufacturing Ti6Al4V
https://bib-pubdb1.desy.de/record/641974,Understanding the Dynamics of Nanoparticle Formation and Evolution in Functional Oxides via In Situ SAXS/WAXS
https://bib-pubdb1.desy.de/record/629867,Influence of a Standard Heat Treatment on the Microstructure and Properties of Inconel X‐750 Produced by Laser Powder Bed Fusion
https://bib-pubdb1.desy.de/record/638991,How austenite improves the fatigue behavior of high-speed steels
https://bib-pubdb1.desy.de/record/638998,In-situ synchrotron HEXRD study on the stress relaxation behavior and internal stress evolution mechanism of a PM nickel-base superalloy
https://bib-pubdb1.desy.de/record/623581,Dislocation dissociation assisted formation mechanism of sigma phase and its impact on producing heterogeneous lamellar microstructure in CoCrV medium-entropy alloy
https://bib-pubdb1.desy.de/record/623571,Unravelling the cracking mechanism in wire-based laser-directed energy deposition processing high-strength aluminum alloy
https://bib-pubdb1.desy.de/record/627004,None
https://bib-pubdb1.desy.de/record/638822,Effect of solution and aging on the texture evolution of an extruded metastable β titanium alloy Ti-4Al-6V-5Mo-3Cr-1Zr
https://bib-pubdb1.desy.de/record/623883,Extending the fossil record of late Oligocene non-biting midges (Chironomidae, Diptera) of New Zealand
https://bib-pubdb1.desy.de/record/639693,The insect head rewound: Clarifications to the groundplan of Hexapoda (Pancrustacea)
https://bib-pubdb1.desy.de/record/639126,Cretaceous amber of Ecuador unveils new insights into South America’s Gondwanan forests
https://bib-pubdb1.desy.de/record/607320,Model-based autofocus for near-field phase retrieval
https://bib-pubdb1.desy.de/record/625247,New species of Lechytia Balzan, 1892 (Arachnida: Pseudoscorpiones) from Burmese amber highlights 99 million years of morphological stasis
https://bib-pubdb1.desy.de/record/625248,The Morphology of the Rare Beetle Silphopsyllus desmanae (Leiodidae), a Commensal of the Semiaquatic Russian Desman
https://bib-pubdb1.desy.de/record/624339,A myriad of melt inclusions: a 3D analysis of melt inclusions reveals the gas rich magma reservoir of Colli Albani Volcano (Italy)
https://bib-pubdb1.desy.de/record/633990,New Amber Fossils Indicate That Larvae of Dermestidae Had Longer Defensive Structures in the Past
https://bib-pubdb1.desy.de/record/636104,When opposites attract: a syninclusion of extinct mites and a bradytelic bristly millipede in Baltic amber
https://bib-pubdb1.desy.de/record/627755,Corrigendum: Revision of recluse spiders (Araneae: Sicariidae: Loxosceles) preserved in Dominican amber and a total-evidence phylogeny of Scytodoidea reveal the first fossil Drymusidae. Arthropod Systematics & Phylogeny 80: 541–559. doi: 10.3897/asp.80.e86008
https://bib-pubdb1.desy.de/record/641503,A new species of the Recent genus Amblyomma (Parasitiformes: Ixodidae) discovered in Dominican amber
https://bib-pubdb1.desy.de/record/627759,Protosiphonorhinus patrickmuelleri gen. et sp. nov., the first fossil member of the sucking millipede family Siphonorhinidae (Colobognatha, Siphonophorida) described from Cretaceous Myanmar amber
https://bib-pubdb1.desy.de/record/639446,Design and implementation of a climate chamber for moisture sensitive nanotomography of biological samples
https://bib-pubdb1.desy.de/record/632184,The effect of PTFE on the deformation behavior of PPS composites for high-pressure hydrogen applications
https://bib-pubdb1.desy.de/record/634681,A Nanoscale View of the Structure and Deformation Mechanism of Mineralized Shark Vertebral Cartilage
https://bib-pubdb1.desy.de/record/638979,The biomechanical dilemma of phasmid eggs – how do stick insects hatch?
https://bib-pubdb1.desy.de/record/622256,High-resolution X-ray phase-contrast tomography of human placenta with different wavefront markers
https://bib-pubdb1.desy.de/record/641740,Follicle-like niches outside the cortex? 3D phase-contrast µCT revealed medullary B cell nodules in mucosa-draining lymph nodes
https://bib-pubdb1.desy.de/record/639347,Quantifying hygroscopic deformation in lignocellulosic tissues: a digital volume correlation tool comparison
https://bib-pubdb1.desy.de/record/639445,Beyond the bilayer: multilayered hygroscopic actuation in pine cone scales
https://bib-pubdb1.desy.de/record/623159,An insect † Archaeopteryx : Cretaceous amber fossil elucidates the evolution of complex host detection and ovipositor mechanisms in parasitoid woodwasps (Hymenoptera: Orussoidea)
https://bib-pubdb1.desy.de/record/625243,The first detailed morphological treatment of a Cretaceous psocid and the character evolution of Trogiomorpha (Insecta: Psocodea)
https://bib-pubdb1.desy.de/record/639416,Glutamate as a bio-compatible electrolyte additive for sustainable high-performance magnesium-air batteries
https://bib-pubdb1.desy.de/record/639323,Self-supervised physics-informed generative networks for phase retrieval from a single X-ray hologram
https://bib-pubdb1.desy.de/record/627758,In Situ Synchrotron X-Ray Diffraction Analyses of the Low-Pressure Carburizing Process on Steel AISI 5120 Using a Reflection Setup
https://bib-pubdb1.desy.de/record/637653,Phase-Separation-Driven Cracking in Additive Manufacturing of Ni-Cu Alloy Systems
https://bib-pubdb1.desy.de/record/626432,None
https://bib-pubdb1.desy.de/record/623243,First detected oxide phase on Co-Cr-Fe-Mn-Ni-Si changes from spinel-type to corundum-type with decreasing Co content – An in-situ synchrotron study
https://bib-pubdb1.desy.de/record/625296,Texture tomography with high angular resolution utilizing sparsity
https://bib-pubdb1.desy.de/record/624658,High strength and ductility in a rare-earth free magnesium alloy processed by rotary swaging and flash annealing 
https://bib-pubdb1.desy.de/record/639415,Methane splitting to hydrogen and base growth carbon nanotubes over Fe-based catalysts
https://bib-pubdb1.desy.de/record/638438,In situ diffraction study on the annealing performance of a rapidly solidified ribbon consolidated Mg-Ca-Y-Zn-Mn alloy
https://bib-pubdb1.desy.de/record/638443,Combined in situ X-ray diffraction and tomography study on the evolution of the microstructure in 316L stainless steel foams during compression
https://bib-pubdb1.desy.de/record/636256,None
https://bib-pubdb1.desy.de/record/627902,Structural response of silicon-containing graphite anodes on lithium intercalation
https://bib-pubdb1.desy.de/record/638445,None
https://bib-pubdb1.desy.de/record/637944,Liquid-liquid phase transition and chemical phase separation in Cu-Zr-Al-Y bulk glass-forming supercooled liquid
https://bib-pubdb1.desy.de/record/623685,Mechanical behavior anisotropy of multilayered metallic composites revealed by in-situ synchrotron X-ray diffraction: Example of Ti/Nb laminates processed by accumulative roll bonding
https://bib-pubdb1.desy.de/record/638431,The effect of proton irradiation dose rate on the evolution of microstructure in Zr alloys: A synchrotron microbeam X-ray, TEM, and APT study
https://bib-pubdb1.desy.de/record/633015,Defect-driven relaxation of nanostructured Cu examined by in situ heating high-energy synchrotron X-ray microbeam diffraction
https://bib-pubdb1.desy.de/record/636255,None
https://bib-pubdb1.desy.de/record/637943,Recrystallization-accelerated precipitation, structural evolution, and residual stress relaxation in nanostructured Al–Cu–Li alloy: an in situ microbeam synchrotron high-energy X-ray diffraction study
https://bib-pubdb1.desy.de/record/626410,Effect of particle reinforcements on the texture and dislocation activities of magnesium matrix composites
https://bib-pubdb1.desy.de/record/639468,Reducing plastic anisotropy through stress induced martensitic transformation in an additively manufactured metastable medium entropy alloy
https://bib-pubdb1.desy.de/record/637940,Parallax in angular sensitive powder diffraction tomography
https://bib-pubdb1.desy.de/record/632986,Size-dependent stress response of nanoscale B2 intermetallic precipitates revealed by in-situ high-energy X-ray diffraction
https://bib-pubdb1.desy.de/record/633154,Deconvoluting cracking mechanisms in fusion processing of steel-copper multi-materials via Operando X-ray characterisation
https://bib-pubdb1.desy.de/record/642147,None
https://bib-pubdb1.desy.de/record/626413,Fabrication and deformation mechanism analysis of an AlCoCrFeNi/magnesium composite
https://bib-pubdb1.desy.de/record/627884,Surface grain orientation mapping using grazing incidence X-ray diffraction
https://bib-pubdb1.desy.de/record/623583,Segregation-guided alloy design via tailored solidification behavior
https://bib-pubdb1.desy.de/record/637350,Harnessing additive manufacturing-induced microstructure and solute heterogeneities for the design of precipitation-strengthened alloys
https://bib-pubdb1.desy.de/record/641822,High-entropy alloy mapping in the Co-Cr-Fe-Mo-Ni-W compositional library using a combinatorial thin film
https://bib-pubdb1.desy.de/record/626411,Creep strength of Mg-Y-Zn alloys containing long-period stacking ordered structures
https://bib-pubdb1.desy.de/record/632969,None
https://bib-pubdb1.desy.de/record/642084,Temperature-dependent thermal conductivity and microscopic mechanisms in a Mg-Al-Y alloy
https://bib-pubdb1.desy.de/record/637927,Effects of reinforcement distribution on stress heterogeneity in magnesium matrix composites: In-situ synchrotron experiments and crystal plasticity modeling
https://bib-pubdb1.desy.de/record/625581,Direct evidence and kinetics of Cu precipitation in the austenite phase of a maraging stainless steel
https://bib-pubdb1.desy.de/record/626409,Effect of Strain Rate on Deformation Mechanisms of a Mg Alloy
https://bib-pubdb1.desy.de/record/636257,Effect of Zn and Al alloying on slip system activation and strengthening mechanisms in magnesium alloys